{"name":"build-javascript","namedChunkGroups":{"polyfill":{"name":"polyfill","assets":[{"name":"webpack-runtime-084ea098115eda0e4016.js","size":4949},{"name":"polyfill-f4a7f506270b0c8e7d7e.js","size":85850}],"filteredAssets":0,"assetsSize":90799,"filteredAuxiliaryAssets":2,"auxiliaryAssetsSize":232664},"app":{"name":"app","assets":[{"name":"webpack-runtime-084ea098115eda0e4016.js","size":4949},{"name":"framework-b707e5113652c1f73981.js","size":205460},{"name":"app-d8e277a3f5f332d428fd.js","size":63749}],"filteredAssets":0,"assetsSize":274158,"filteredAuxiliaryAssets":3,"auxiliaryAssetsSize":780151},"component---src-pages-404-js":{"name":"component---src-pages-404-js","assets":[{"name":"component---src-pages-404-js-0d47d848551dfa090af2.js","size":386}],"filteredAssets":0,"assetsSize":386,"filteredAuxiliaryAssets":1,"auxiliaryAssetsSize":543},"component---src-pages-index-js":{"name":"component---src-pages-index-js","assets":[{"name":"styles.2a3be8eeee8b82163c3b.css","size":7853},{"name":"component---src-pages-index-js-ef1d4dd4015aeb41a65c.js","size":44377}],"filteredAssets":0,"assetsSize":52230,"filteredAuxiliaryAssets":1,"auxiliaryAssetsSize":147343}},"assetsByChunkName":{"polyfill":["webpack-runtime-084ea098115eda0e4016.js","polyfill-f4a7f506270b0c8e7d7e.js"],"app":["webpack-runtime-084ea098115eda0e4016.js","framework-b707e5113652c1f73981.js","app-d8e277a3f5f332d428fd.js"],"component---src-pages-404-js":["component---src-pages-404-js-0d47d848551dfa090af2.js"],"component---src-pages-index-js":["styles.2a3be8eeee8b82163c3b.css","component---src-pages-index-js-ef1d4dd4015aeb41a65c.js"]},"childAssetsByChunkName":{}}