{"name":"build-javascript","namedChunkGroups":{"polyfill":{"name":"polyfill","assets":[{"name":"webpack-runtime-c4ff7da5c3566aded1e2.js","size":4949},{"name":"polyfill-f4a7f506270b0c8e7d7e.js","size":85850}],"filteredAssets":0,"assetsSize":90799,"filteredAuxiliaryAssets":2,"auxiliaryAssetsSize":232664},"app":{"name":"app","assets":[{"name":"webpack-runtime-c4ff7da5c3566aded1e2.js","size":4949},{"name":"framework-b707e5113652c1f73981.js","size":205460},{"name":"app-d8e277a3f5f332d428fd.js","size":63749}],"filteredAssets":0,"assetsSize":274158,"filteredAuxiliaryAssets":3,"auxiliaryAssetsSize":780151},"component---src-pages-404-js":{"name":"component---src-pages-404-js","assets":[{"name":"component---src-pages-404-js-0d47d848551dfa090af2.js","size":386}],"filteredAssets":0,"assetsSize":386,"filteredAuxiliaryAssets":1,"auxiliaryAssetsSize":543},"component---src-pages-index-js":{"name":"component---src-pages-index-js","assets":[{"name":"styles.a7a94f19f35a3c757ad7.css","size":6910},{"name":"component---src-pages-index-js-f98fc3e4ae46d2804f1f.js","size":39291}],"filteredAssets":0,"assetsSize":46201,"filteredAuxiliaryAssets":1,"auxiliaryAssetsSize":142869}},"assetsByChunkName":{"polyfill":["webpack-runtime-c4ff7da5c3566aded1e2.js","polyfill-f4a7f506270b0c8e7d7e.js"],"app":["webpack-runtime-c4ff7da5c3566aded1e2.js","framework-b707e5113652c1f73981.js","app-d8e277a3f5f332d428fd.js"],"component---src-pages-404-js":["component---src-pages-404-js-0d47d848551dfa090af2.js"],"component---src-pages-index-js":["styles.a7a94f19f35a3c757ad7.css","component---src-pages-index-js-f98fc3e4ae46d2804f1f.js"]},"childAssetsByChunkName":{}}